Tienda,Categoría,Socket,Generación,Capacidad,Título,Stock,Precio,URL
Sercoplus,MB,LGA1200,LGA1200,-,"MAINBOARD ASROCK H570M PRO 4, LGA 1200",20,509.2,https://www.sercoplus.com/socket-1200-/12337-mainboard-asrock-h570-pro-4-lga-1200.html
Sercoplus,MB,LGA1200,LGA1200,-,"MAINBOARD ASUS PRIME Z590-A, LGA 1200",20,1019.16,https://www.sercoplus.com/socket-1200-/12345-mainboard-asus-prime-z590-a-lga-1200.html
Sercoplus,MB,LGA1200,LGA1200,-,"MAINBOARD MSI PRO B660M-G DDR4, LGA 1700",11,535.04,https://www.sercoplus.com/socket-1200-/13788-mainboard-msi-pro-b660m-g-ddr4-lga-1700.html
Sercoplus,MB,LGA1200,LGA1200,-,"MAINBOARD ASROCK Z590 EXTREME, LGA 1200.",5,950.76,https://www.sercoplus.com/socket-1200-/12363-mainboard-asrock-z590-extreme-lga-1200.html
Sercoplus,MB,LGA1200,LGA1200,-,"MAINBOARD GIGABYTE H510M H, LGA 1200",20,311.6,https://www.sercoplus.com/socket-1200-/12700-mainboard-gigabyte-h510m-h-lga-1200.html
Sercoplus,MB,LGA1200,LGA1200,-,"MAINBOARD ASUS PRIME B560M-A, LGA 1200",18,421.8,https://www.sercoplus.com/socket-1200-/12420-mainboard-asus-prime-b560m-a-lga-1200.html
Sercoplus,MB,LGA1200,LGA1200,-,"MAINBOARD GIGABYTE B560M GAMING HD, LGA 1200",5,410.4,https://www.sercoplus.com/socket-1200-/12740-mainboard-gigabyte-b560m-gaming-hd-lga.html
Sercoplus,MB,LGA1200,LGA1200,-,"MAINBOARD ASUS ROG MAXIMUS XIII HERO, WIFI, LGA 1200.",5,2067.2,https://www.sercoplus.com/socket-1200-/13115-mainboard-asus-rog-maximus-xiii-hero-wi.html
Sercoplus,MB,LGA1200,LGA1200,-,"MAINBOARD ASROCK Z590 VELOCITA, WI-FI, LGA 1200.",15,1224.36,https://www.sercoplus.com/socket-1200-/12334-mainboard-asrock-z590-velocita-wi-fi-l.html
Sercoplus,MB,LGA1200,LGA1200,-,"MAINBOARD MSI MAG B560M MORTAR WIFI, LGA 1200",9,706.8,https://www.sercoplus.com/socket-1200-/12608-mainboard-msi-mag-b560m-mortar-wifi.html
Sercoplus,MB,LGA1200,LGA1200,-,"MAINBOARD ASROCK Z590 STEEL LEGEND, LGA 1200",12,909.72,https://www.sercoplus.com/socket-1200-/12335-mainboard-asrock-z590-steel-legend-lga.html
Sercoplus,MB,LGA1200,LGA1200,-,"MAINBOARD MSI MAG B560 TOMAHAWK WIFI, LGA 1200",11,752.4,https://www.sercoplus.com/socket-1200-/12610-mainboard-msi-mag-b560-tomahawk-wifi-lg.html
Sercoplus,MB,LGA1200,LGA1200,-,"MAINBOARD GIGABYTE Z590 VISION G, LGA 1200",9,1053.36,https://www.sercoplus.com/socket-1200-/13471-mainboard-gigabyte-z590-vision-g-lga-12.html
Sercoplus,MB,LGA1200,LGA1200,-,"MAINBOARD ASROCK H570M PRO 4, LGA 1200",20,509.2,https://www.sercoplus.com/socket-1200-/12337-mainboard-asrock-h570-pro-4-lga-1200.html
Sercoplus,MB,LGA1200,LGA1200,-,"MAINBOARD ASROCK Z590 STEEL LEGEND, LGA 1200",12,909.72,https://www.sercoplus.com/socket-1200-/12335-mainboard-asrock-z590-steel-legend-lga.html
Sercoplus,MB,LGA1200,LGA1200,-,"MAINBOARD MSI MAG B560 TOMAHAWK WIFI, LGA 1200",11,752.4,https://www.sercoplus.com/socket-1200-/12610-mainboard-msi-mag-b560-tomahawk-wifi-lg.html
Sercoplus,MB,LGA1200,LGA1200,-,"MAINBOARD GIGABYTE Z590 VISION G, LGA 1200",9,1053.36,https://www.sercoplus.com/socket-1200-/13471-mainboard-gigabyte-z590-vision-g-lga-12.html
Sercoplus,MB,LGA1200,LGA1200,-,"MAINBOARD ASROCK H570M PRO 4, LGA 1200",20,509.2,https://www.sercoplus.com/socket-1200-/12337-mainboard-asrock-h570-pro-4-lga-1200.html
Sercoplus,MB,LGA1200,LGA1200,-,"MAINBOARD ASUS PRIME Z590-A, LGA 1200",20,1019.16,https://www.sercoplus.com/socket-1200-/12345-mainboard-asus-prime-z590-a-lga-1200.html
Sercoplus,MB,LGA1200,LGA1200,-,"MAINBOARD MSI PRO B660M-G DDR4, LGA 1700",11,535.04,https://www.sercoplus.com/socket-1200-/13788-mainboard-msi-pro-b660m-g-ddr4-lga-1700.html
Sercoplus,MB,LGA1200,LGA1200,-,"MAINBOARD ASROCK Z590 EXTREME, LGA 1200.",5,950.76,https://www.sercoplus.com/socket-1200-/12363-mainboard-asrock-z590-extreme-lga-1200.html
Sercoplus,MB,LGA1200,LGA1200,-,"MAINBOARD ASUS PRIME Z590-A, LGA 1200",20,1019.16,https://www.sercoplus.com/socket-1200-/12345-mainboard-asus-prime-z590-a-lga-1200.html
Sercoplus,MB,LGA1200,LGA1200,-,"MAINBOARD MSI PRO B660M-G DDR4, LGA 1700",11,535.04,https://www.sercoplus.com/socket-1200-/13788-mainboard-msi-pro-b660m-g-ddr4-lga-1700.html
Sercoplus,MB,LGA1700-12,LGA1700,-,"MAINBOARD GIGABYTE Z690 AORUS ELITE AX, DDR5, WIFI",8,1542.8,https://www.sercoplus.com/socket-1700/13488-mainboard-gigabyte-z690-aorus-elite-ax.html
Sercoplus,MB,LGA1700-12,LGA1700,-,"MAINBOARD ASUS PRIME PRIME Z690-P WIFI, LGA 1700",7,1086.8,https://www.sercoplus.com/socket-1700/13547-mainboard-asus-prime-prime-z690-p-wifi.html
Sercoplus,MB,LGA1700-12,LGA1700,-,"MAINBOARD GIGABYTE B660M DS3H DDR4, LGA 1700",5,668.8,https://www.sercoplus.com/socket-1700/13550-mainboard-gigabyte-b660m-ds3h-ddr4-lga.html
Sercoplus,MB,LGA1700-12,LGA1700,-,"MAINBOARD GIGABYTE H610M H DDR4, LGA 1700",20,419.14,https://www.sercoplus.com/socket-1700/13551-mainboard-gigabyte-h610m-h-ddr4-lga-170.html
Sercoplus,MB,LGA1700-12,LGA1700,-,"MAINBOARD MSI MAG B660M BAZOOKA DDR4, LGA 1700",5,722.0,https://www.sercoplus.com/socket-1700/13685-mainboard-msi-mag-b660m-bazooka-ddr4-lg.html
Sercoplus,MB,LGA1700-12,LGA1700,-,"MAINBOARD GIGABYTE B660M DS3H AX DDR4, WIFI, LGA 1700",19,699.2,https://www.sercoplus.com/socket-1700/13726-mainboard-gigabyte-b660m-ds3h-ax-ddr4-w.html
Sercoplus,MB,LGA1700-12,LGA1700,-,"MAINBOARD ASUS PRIME Z690-P WIFI D4, LGA 1700",12,1048.8,https://www.sercoplus.com/socket-1700/13345-mainboard-asus-prime-z690-p-wifi-d4-lga.html
Sercoplus,MB,LGA1700-12,LGA1700,-,"MAINBOARD ASUS ROG STRIX B660-AGAMING WIFI D4, LGA 1700",5,1062.1,https://www.sercoplus.com/socket-1700/13394-mainboard-asus-rog-strix-b660-agaming-wi.html
Sercoplus,MB,LGA1700-12,LGA1700,-,"MAINBOARD ASUS PRIME H610M-K D4, LGA 170",20,429.02,https://www.sercoplus.com/socket-1700/13781-mainboard-asus-prime-h610m-k-d4-lga-170.html
Sercoplus,MB,LGA1700-12,LGA1700,-,MAINBOARD MSI MAG B660M MORTAR WIFI DDR4,13,760.0,https://www.sercoplus.com/socket-1700/13432-mainboard-msi-mag-b660m-mortar-wifi-ddr4.html
Sercoplus,MB,LGA1700-12,LGA1700,-,"MAINBOARD MSI PRO H610M-G DDR4, LGA 1700",14,413.82,https://www.sercoplus.com/socket-1700/13787-mainboard-msi-pro-h610m-g-ddr4-lga-1700.html
Sercoplus,MB,LGA1700-12,LGA1700,-,"MAINBOARD ASROCK H610M HDV/M.2, LGA 1700",9,418.0,https://www.sercoplus.com/socket-1700/13433-mainboard-asrock-h610m-hdv-m-2-lga-1700.html
Sercoplus,MB,LGA1700-12,LGA1700,-,MAINBOARD ASUS TUF GAMING B660M-PLUS WIF,10,805.6,https://www.sercoplus.com/socket-1700/13818-mainboard-asus-tuf-gaming-b660m-plus-wif.html
Sercoplus,MB,LGA1700-12,LGA1700,-,"MAINBOARD ASUS PRIME Z690-A, LGA 1700",6,1307.2,https://www.sercoplus.com/socket-1700/13472-mainboard-asus-prime-z690-a-lga-1700.html
Sercoplus,MB,LGA1700-12,LGA1700,-,"MAINBOARD GIGABYTE Z690 AORUS ELITE AX, DDR5, WIFI",8,1542.8,https://www.sercoplus.com/socket-1700/13488-mainboard-gigabyte-z690-aorus-elite-ax.html
Sercoplus,MB,LGA1700-12,LGA1700,-,"MAINBOARD ASUS PRIME PRIME Z690-P WIFI, LGA 1700",7,1086.8,https://www.sercoplus.com/socket-1700/13547-mainboard-asus-prime-prime-z690-p-wifi.html
Sercoplus,MB,AM4,AM4,-,MAINBOARD ASUS PRIME B450M-A-II AM4 AMD,10,342.0,https://www.sercoplus.com/socket-amd-am4/11609-mainboard-asus-prime-b450m-a-ii-am4-amd.html
Sercoplus,MB,AM4,AM4,-,MAINBOARD MSI A320M A PRO MAX AM4 AMD,20,177.84,https://www.sercoplus.com/socket-amd-am4/10969-mainboard-msi-a320m-a-pro-max.html
Sercoplus,MB,AM4,AM4,-,"MAINBOARD ASROCK PRO4 B550, AM4 AMD",6,630.8,https://www.sercoplus.com/socket-amd-am4/13582-mainboard-asrock-pro4-am4-amd.html
Sercoplus,MB,AM4,AM4,-,"MAINBOARD ASUS ROG STRIX B550-F GAMING WIFI II, AM4 AMD",11,1018.4,https://www.sercoplus.com/tarjeta-de-video/13646-mainboard-asus-rog-strix-b550-f-gaming-w.html
Sercoplus,MB,AM4,AM4,-,MAINBOARD ASROCK A320-HDV R4.0 AM4 AMD,8,220.4,https://www.sercoplus.com/socket-amd-am4/11184-mainboard-asrock-a320-hdv-r4-0-am4-amd.html
Sercoplus,MB,AM4,AM4,-,MAINBOARD ASUS ROG STRIX X470-F GAMING,8,577.6,https://www.sercoplus.com/socket-amd-am4/8510-mainboard-asus-rog-strix-x470-f-gaming.html
Sercoplus,MB,AM4,AM4,-,MAINBOARD ASROCK X570 STEEL LEGEND AM4 AMD.,11,988.0,https://www.sercoplus.com/socket-amd-am4/11237-mainboard-asrock-x570-steel-legend-am4-a.html
Sercoplus,MB,AM4,AM4,-,MAINBOARD GIGABYTE B450M DS3H AM4 AMD,20,304.0,https://www.sercoplus.com/socket-amd-am4/8534-mainboard-gigabyte-b450m-ds3h-am4-amd.html
Sercoplus,MB,AM4,AM4,-,MAINBOARD ASUS PRIME B550M-K AM4 AMD,16,433.2,https://www.sercoplus.com/socket-amd-am4/11268-mainboard-asus-prime-b550m-k-am4-amd.html
Sercoplus,MB,AM4,AM4,-,MAINBOARD ASUS PRIME X470-PRO AM4 AMD,5,501.6,https://www.sercoplus.com/socket-amd-am4/8536-mainboard-asus-prime-x470-pro-am4-amd.html
Sercoplus,MB,AM4,AM4,-,MAINBOARD ASUS ROG STRIX B550-XE GAMING,9,1444.0,https://www.sercoplus.com/socket-amd-am4/13269-mainboard-asus-rog-strix-b550-xe-gaming.html
Sercoplus,MB,AM4,AM4,-,MAINBOARD MSI MPG X570-A PRO AM4 AMD,20,744.8,https://www.sercoplus.com/socket-amd-am4/10267-mainboard-msi-mpg-x570-a-gaming-pro-carb.html
Sercoplus,MB,AM4,AM4,-,MAINBOARD ASUS PRIME X570-P AM4 AMD.,10,695.02,https://www.sercoplus.com/socket-amd-am4/10696-mainboard-asus-prime-x570-p-am4-amd.html
Sercoplus,MB,AM4,AM4,-,MAINBOARD GIGABYTE B550 AORUS PRO AM4 AMD,20,988.0,https://www.sercoplus.com/socket-amd-am4/11333-mainboard-gigabyte-b550-aorus-pro-am4-am.html
Sercoplus,MB,AM4,AM4,-,MAINBOARD ASROCK B450M PRO4-F AM4 AMD,20,326.8,https://www.sercoplus.com/socket-amd-am4/10862-mainboard-asrock-b450-pro4-f-am4-amd-ddr4-sata-usb-3-1-90-mxbab0-a0uayz.html
Sercoplus,MB,AM4,AM4,-,"MAINBOARD GIGABYTE B550 VISION D, WI-FI AM4 AMD",14,1330.0,https://www.sercoplus.com/socket-amd-am4/11334-mainboard-gigabyte-b550-vision-d-wi-fi.html
Sercoplus,MB,AM4,AM4,-,MAINBOARD ASUS PRIME B450M-A-II AM4 AMD,10,342.0,https://www.sercoplus.com/socket-amd-am4/11609-mainboard-asus-prime-b450m-a-ii-am4-amd.html
Sercoplus,MB,AM4,AM4,-,MAINBOARD MSI A320M A PRO MAX AM4 AMD,20,177.84,https://www.sercoplus.com/socket-amd-am4/10969-mainboard-msi-a320m-a-pro-max.html
Sercoplus,MB,AM4,AM4,-,MAINBOARD ASROCK B450M PRO4-F AM4 AMD,20,326.8,https://www.sercoplus.com/socket-amd-am4/10862-mainboard-asrock-b450-pro4-f-am4-amd-ddr4-sata-usb-3-1-90-mxbab0-a0uayz.html
Sercoplus,MB,AM4,AM4,-,"MAINBOARD GIGABYTE B550 VISION D, WI-FI AM4 AMD",14,1330.0,https://www.sercoplus.com/socket-amd-am4/11334-mainboard-gigabyte-b550-vision-d-wi-fi.html
Sercoplus,MB,AM4,AM4,-,MAINBOARD ASUS PRIME B450M-A-II AM4 AMD,10,342.0,https://www.sercoplus.com/socket-amd-am4/11609-mainboard-asus-prime-b450m-a-ii-am4-amd.html
Sercoplus,MB,AM4,AM4,-,MAINBOARD MSI A320M A PRO MAX AM4 AMD,20,177.84,https://www.sercoplus.com/socket-amd-am4/10969-mainboard-msi-a320m-a-pro-max.html
Sercoplus,MB,AM4,AM4,-,MAINBOARD B450 TOMAHAWK MAX AM4 AMD,19,516.8,https://www.sercoplus.com/mainboard-amd/11280-mainboard-b450-tomahawk-max-am4-amd.html
Sercoplus,CPU,LGA1200-10,I5,-,PROCESADOR INTEL CORE I5-10400F,20,570.0,https://www.sercoplus.com/cpu-1200-10ma-generacion/10848-procesador-intel-core-i5-10400f.html
Sercoplus,CPU,LGA1200-10,I3,-,PROCESADOR INTEL CORE I3-10100F,20,274.36,https://www.sercoplus.com/cpu-1200-10ma-generacion/11855-procesador-intel-core-i3-10100f.html
Sercoplus,CPU,LGA1200-10,I3,-,PROCESADOR INTEL CORE I3-10105F,20,307.04,https://www.sercoplus.com/cpu-1200-10ma-generacion/12303-procesador-intel-core-i3-10105f.html
Sercoplus,CPU,LGA1200-10,I3,-,PROCESADOR INTEL CORE I3-10105,20,484.5,https://www.sercoplus.com/cpu-1200-10ma-generacion/12716-procesador-intel-core-i3-10105.html
Sercoplus,CPU,LGA1200-10,I5,-,"PROCESADOR INTEL CORE I5-10400T, OEM",13,729.6,https://www.sercoplus.com/cpu-1200-10ma-generacion/12745-procesador-intel-core-i5-10400t-oem.html
Sercoplus,CPU,LGA1200-10,I3,-,"PROCESADOR INTEL CORE I3-10100T, OEM",8,494.0,https://www.sercoplus.com/cpu-1200-10ma-generacion/13463-procesador-intel-core-i3-10100t-oem.html
Sercoplus,CPU,LGA1200-11,I5,-,PROCESADOR INTEL CORE I5-11400F,20,680.2,https://www.sercoplus.com/cpu-1200-11va-generacion/12298-procesador-intel-core-i5-11400f.html
Sercoplus,CPU,LGA1200-11,I5,-,"PROCESADOR INTEL CORE I5-11400, OEM",20,752.4,https://www.sercoplus.com/cpu-1200-11va-generacion/13045-procesador-intel-core-i5-11400-oem.html
Sercoplus,CPU,LGA1700-12,i7,-,PROCESADOR INTEL CORE i7-12700F,20,1537.86,https://www.sercoplus.com/cpu-1700-12va-generacion/13373-procesador-intel-core-i7-12700f.html
Sercoplus,CPU,LGA1700-12,I3,-,PROCESADOR INTEL CORE I3-12100F,20,457.52,https://www.sercoplus.com/cpu-1700-12va-generacion/13387-procesador-intel-core-i3-12100f.html
Sercoplus,CPU,LGA1700-12,,-,PROCESADOR INTEL CELERON G6900,20,258.4,https://www.sercoplus.com/cpu-1700-12va-generacion/13461-procesador-intel-celeron-g6900.html
Sercoplus,CPU,LGA1700-12,I7,-,PROCESADOR INTEL CORE I7-12700,15,1649.2,https://www.sercoplus.com/cpu-1700-12va-generacion/13641-procesador-intel-core-i7-12700.html
Sercoplus,CPU,LGA1700-12,,-,PROCESADOR INTEL PENTIUM GOLD G7400,20,357.2,https://www.sercoplus.com/cpu-1700-12va-generacion/13642-procesador-intel-pentium-gold-g7400.html
Sercoplus,CPU,LGA1700-12,i5,-,PROCESADOR INTEL CORE i5-12400,20,972.8,https://www.sercoplus.com/cpu-1700-12va-generacion/13326-procesador-intel-core-i5-12400.html
Sercoplus,CPU,LGA1700-12,I5,-,PROCESADOR INTEL CORE I5-12400F,20,843.6,https://www.sercoplus.com/cpu-1700-12va-generacion/13327-procesador-intel-core-i5-12400f.html
Sercoplus,CPU,AM4,3,-,PROCESADOR AMD RYZEN 3 PRO 4350G OEM,20,642.2,https://www.sercoplus.com/amd-ryzen-series-4000/12680-procesador-amd-ryzen-3-pro-4350g.html
Sercoplus,CPU,AM4,5,-,PROCESADOR AMR RYZEN 5 PRO 4650G OEM,20,843.6,https://www.sercoplus.com/amd-ryzen-series-4000/12681-procesador-amr-ryzen-5-pro-4650g-oem.html
Sercoplus,CPU,AM4,5,-,PROCESADOR AMD RYZEN 5 5600G,20,984.2,https://www.sercoplus.com/amd-ryzen-series-5000/12798-proceador-amd-ryzen-5-5600g.html
Sercoplus,CPU,AM4,7,-,PROCESADOR AMD RYZEN 7 5700G,20,1356.6,https://www.sercoplus.com/amd-ryzen-series-5000/12799-procesador-amd-ryzen-7-5700g.html
Sercoplus,CPU,AM4,5,-,"PROCESADOR AMD RYZEN 5 3500, OEM",20,646.0,https://www.sercoplus.com/amd-ryzen-series-3000/12929-procesador-amd-ryzen-5-3500.html
Sercoplus,CPU,AM4,5,-,PROCESADOR AMD RYZEN 5 5600X,20,1254.0,https://www.sercoplus.com/amd-ryzen-series-5000/11630-procesador-amd-ryzen-5-5600x.html
Sercoplus,RAM,-,DDR4,8GB,"MEM. RAM KINGSTON FURY BEAST, 8GB DDR4 2666 MHZ.",9,152.0,https://www.sercoplus.com/ddr4-2666mhz/12916-mem-ram-kingston-fury-beast-8gb-ddr4-2.html
Sercoplus,RAM,-,DDR4,8GB,MEM. RAM CRUCIAL BALLISTIX RGB 8GB DDR4 3200 MHZ.,20,168.72,https://www.sercoplus.com/ddr4-3200mhz/13593-mem-ram-crucial-ballistix-rgb-8gb-ddr4.html
Sercoplus,RAM,-,,32GB,KIT MEM. RAM T-FORCE DELTA TUF GAMING ALLIANCE RGB 32GB (2x16) 2666MHZ.,20,539.6,https://www.sercoplus.com/ddr4-2666mhz/13039-mem-ram-t-force-delta-tuf-gaming-allian.html
Sercoplus,RAM,-,,8GB,"MEM. RAM KINGSTON FURY RENEGADE RGB, 8GB 3600 MHZ",5,199.5,https://www.sercoplus.com/ddr4-3600mhz/13052-mem-ram-kingston-fury-renegade-rgb-8gb.html
Sercoplus,RAM,-,DDR4,8GB,"MEM. RAM KINGSTON FURY BEAST, 8GB DDR4 3000 MHZ.",20,163.78,https://www.sercoplus.com/ddr4-3000mhz/13093-mem-ram-kingston-fury-beast-8gb-ddr4-3.html
Sercoplus,RAM,-,DDR4,8GB,"MEM. RAM ACER PREDATOR TALOS WHITE, 8GB DDR4 3600 MHZ",18,197.6,https://www.sercoplus.com/ddr4-3600mhz/13698-mem-ram-acer-predator-talos-white-8gb-d.html
Sercoplus,RAM,-,DDR4,8GB,"MEM. RAM KINGSTON FURY BEAST, 8GB DDR4 3600 MHZ.",20,187.34,https://www.sercoplus.com/ddr4-3600mhz/12915-mrm-ram-kingston-fury-beast-8gb-ddr4.html
Sercoplus,RAM,-,DDR4,8GB,"MEM. RAM KINGSTON FURY BEAST, 8GB DDR4 2666 MHZ.",9,152.0,https://www.sercoplus.com/ddr4-2666mhz/12916-mem-ram-kingston-fury-beast-8gb-ddr4-2.html
Sercoplus,RAM,-,DDR4,8GB,MEM. RAM CRUCIAL BALLISTIX RGB 8GB DDR4 3200 MHZ.,20,168.72,https://www.sercoplus.com/ddr4-3200mhz/13593-mem-ram-crucial-ballistix-rgb-8gb-ddr4.html
Sercoplus,RAM,-,,32GB,KIT MEM. RAM T-FORCE DELTA TUF GAMING ALLIANCE RGB 32GB (2x16) 2666MHZ.,20,539.6,https://www.sercoplus.com/ddr4-2666mhz/13039-mem-ram-t-force-delta-tuf-gaming-allian.html
Sercoplus,RAM,-,,8GB,"MEM. RAM KINGSTON FURY RENEGADE RGB, 8GB 3600 MHZ",5,199.5,https://www.sercoplus.com/ddr4-3600mhz/13052-mem-ram-kingston-fury-renegade-rgb-8gb.html
Sercoplus,RAM,-,DDR4,8GB,"MEM. RAM KINGSTON FURY BEAST, 8GB DDR4 3000 MHZ.",20,163.78,https://www.sercoplus.com/ddr4-3000mhz/13093-mem-ram-kingston-fury-beast-8gb-ddr4-3.html
Sercoplus,RAM,-,DDR4,8GB,"MEM. RAM ACER PREDATOR TALOS WHITE, 8GB DDR4 3600 MHZ",18,197.6,https://www.sercoplus.com/ddr4-3600mhz/13698-mem-ram-acer-predator-talos-white-8gb-d.html
Sercoplus,RAM,-,DDR4,16GB,"MEM. RAM KINGSTON FURY RENEGADE RGB, 16GB DDR4 3200 MHZ.",14,324.52,https://www.sercoplus.com/ddr4-3200mhz/13096-mem-ram-kingston-fury-renegade-rgb-16g.html
Sercoplus,RAM,-,DDR4,16GB,"MEM. RAM KINGSTON FURY BEAST, 16GB DDR4 3200 MHZ.",5,326.8,https://www.sercoplus.com/ddr4-3200mhz/13715-mem-ram-kingston-fury-beast-16gb-ddr4.html
Sercoplus,RAM,-,DDR4,8GB,"MEM. RAM HP V6 SERIES, 8GB DDR4 2666 MHZ",20,144.4,https://www.sercoplus.com/ddr4-2666mhz/10816-mem-ram-hp-v6-series-8gb-ddr4-2666-mhz.html
Sercoplus,RAM,-,DDR4,16GB,"MEM. RAM KINGSTON FURY BEAST RGB, 16GB DDR4 3600 MHZ.",15,376.2,https://www.sercoplus.com/ddr4-3600mhz/13097-mem-ram-kingston-fury-beast-rgb-16gb-d.html
Sercoplus,RAM,-,,16GB,"MEM. RAM KINGSTON FURY BEAST RGB, 16GB DDR 3200 MHZ.",15,349.6,https://www.sercoplus.com/ddr4-3200mhz/13716-mem-ram-kingston-fury-beast-rgb-16gb-d.html
Sercoplus,RAM,-,,8GB,MEM. RAM TEAMGROUP T-FORCE VULCAN Z 8GB 3200 MHZ.,20,152.0,https://www.sercoplus.com/ddr4-3200mhz/10957-mem-ram-teamgroup-t-force-vulcan-z-gray.html
Sercoplus,RAM,-,DDR4,8GB,"MEM. RAM KINGSTON FURY BEAST RGB, 8GB DDR4 3600 MHZ.",14,200.26,https://www.sercoplus.com/ddr4-3600mhz/13098-mem-ram-kingston-fury-beast-rgb-8gb-dd.html
Sercoplus,Almacenamiento,-,SSD,480GB,"SSD CRUCIAL BX500 480GB SATA 2.5""",20,205.2,https://www.sercoplus.com/ssd-25-sata/10047-ssd-crucial-bx500-240gb-sata.html
Sercoplus,Almacenamiento,-,SSD,240GB,"SSD WESTERN DIGITAL GREEN SN350, 240GB M.2 PCIe NVME",20,136.8,https://www.sercoplus.com/ssd-m-2-pcie/12384-ssd-western-digital-green-sn350-240gb.html
Sercoplus,Almacenamiento,-,SSD,250GB,"SSD WESTERN DIGITAL, BLACK SN770, 250GB M.2 PCIe NVME",9,264.1,https://www.sercoplus.com/ssd-m-2-pcie/13694-ssd-western-digital-black-sn770-250gb.html
Sercoplus,Almacenamiento,-,SSD,240GB,SSD KINGSTON A400 240GB SATA 2.5,20,131.48,https://www.sercoplus.com/ssd-25-sata/7591-ssd-kingston-a400-120gb.html
Sercoplus,Almacenamiento,-,DISCO,1TB,DISCO DURO EXTERNO SEAGATE BASIC 1TB,20,182.4,https://www.sercoplus.com/discos-externos/12423-disco-duro-externo-seagate-basic-1tb.html
Sercoplus,Almacenamiento,-,SSD,500GB,"SSD WESTERN DIGITAL, BLACK SN770, 500GB M.2 PCIe NVME",13,353.78,https://www.sercoplus.com/ssd-m-2-pcie/13696-ssd-western-digital-black-sn770-500gb.html
Sercoplus,Almacenamiento,-,SSD,480GB,"SSD KINGSTON A400 480GB SATA 2.5""",20,222.68,https://www.sercoplus.com/ssd-25-sata/7592-ssd-kingston-a400-480gb.html
Sercoplus,Almacenamiento,-,SSD,240GB,SSD KINGSTON A400 240GB SATA 2.5,20,131.48,https://www.sercoplus.com/ssd-25-sata/7591-ssd-kingston-a400-120gb.html
Sercoplus,Almacenamiento,-,DISCO,1TB,DISCO DURO EXTERNO SEAGATE BASIC 1TB,20,182.4,https://www.sercoplus.com/discos-externos/12423-disco-duro-externo-seagate-basic-1tb.html
Sercoplus,Almacenamiento,-,SSD,500GB,"SSD WESTERN DIGITAL, BLACK SN770, 500GB M.2 PCIe NVME",13,353.78,https://www.sercoplus.com/ssd-m-2-pcie/13696-ssd-western-digital-black-sn770-500gb.html
Sercoplus,Almacenamiento,-,SSD,480GB,"SSD KINGSTON A400 480GB SATA 2.5""",20,222.68,https://www.sercoplus.com/ssd-25-sata/7592-ssd-kingston-a400-480gb.html
Sercoplus,Almacenamiento,-,SSD,120GB,"SSD WESTERN DIGITAL GREEN 120GB SATA 2.5""",20,110.2,https://www.sercoplus.com/ssd-25-sata/7607-ssd-western-digital-120gb-sata-2-5-7mm.html
Sercoplus,Almacenamiento,-,SSD,480GB,"SSD PNY CS900 480GB SATA 2.5""",20,229.52,https://www.sercoplus.com/ssd-25-sata/10554-ssd-pny-cs900-480gb-sata-2-5.html
Sercoplus,Almacenamiento,-,SSD,250GB,SSD CRUCIAL P5 250GB M.2 PCIe NVME,12,243.2,https://www.sercoplus.com/ssd-m-2-pcie/12555-ssd-crucial-p5-250gb-m-2-pcie-nvme.html
Sercoplus,Almacenamiento,-,DISCO,6TB,DISCO DURO WESTERN DIGITAL PURPURA SURVEILLANCE 6TB,16,676.4,https://www.sercoplus.com/discos-video-vigilancia/13745-disco-duro-western-digital-purpura-6tb.html
Sercoplus,Almacenamiento,-,DISCO,1TB,DISCO DURO SEAGATE BARRACUDA 1TB SATA 7200 RPM,20,174.8,https://www.sercoplus.com/discos-pc/5673-hd-sea-1tb-sata3-7200-rpm.html
Sercoplus,Almacenamiento,-,SSD,240GB,"SSD GIGABYTE 240GB SATA 2.5""",20,121.98,https://www.sercoplus.com/ssd-25-sata/9859-ssd-gigabyte-240gb-sata-2-5.html
Sercoplus,Almacenamiento,-,SSD,240GB,SSD CORSAIR FORCE SERIES MP510 240GB M.2 PCIe NVME,6,201.4,https://www.sercoplus.com/ssd-m-2-pcie/12029-ssd-corsair-force-series-mp510-240gb-m-2.html
Sercoplus,Almacenamiento,-,SSD,500GB,"SSD KINGSTON FURY RENEGADE, 500GB M.2 PCIe 4.0 NVME",18,509.2,https://www.sercoplus.com/ssd-m-2-pcie/13417-ssd-kingston-fury-renegade-500gb-m-2-pc.html
Sercoplus,Almacenamiento,-,DISCO,1TB,DISCO DURO WESTERN DIGITAL PURPURA SURVEILLANCE 1TB,20,189.24,https://www.sercoplus.com/discos-video-vigilancia/6155-hd-wd-1tb-64mb-sata-6gb-s-purp.html
Sercoplus,Almacenamiento,-,DISCO,2TB,DISCO DURO SEAGATE BARRACUDA 2TB SATA 5400 RPM,20,209.76,https://www.sercoplus.com/discos-pc/9960-disco-duro-seagate-barracuda-2tb-sata.html
Sercoplus,Almacenamiento,-,DISCO,1TB,"DISCO EXTERNO IMATION E30, 1TB",10,197.6,https://www.sercoplus.com/discos-externos/12287-disco-externo-imation-e30-1tb.html
Sercoplus,Almacenamiento,-,DISCO,2TB,DISCO SEAGATE VIDEOVIGILANCIA 2TB 5400 RPM,10,212.8,https://www.sercoplus.com/discos-video-vigilancia/6164-seagate-2tb-skyhawk-surveillance.html
Sercoplus,Almacenamiento,-,DISCO,4TB,DISCO EXTERNO TOSHIBA CANVIO BASIC 4TB,6,410.4,https://www.sercoplus.com/discos-externos/10014-disco-duro-externo-toshiba-canvio-basics-4tb-usb-3-0-negro-hdtb440xk3ca.html
Sercoplus,Almacenamiento,-,DISCO,4TB,DISCO DURO WESTERN DIGITAL PURPURA SURVEILLANCE 4TB,20,363.28,https://www.sercoplus.com/discos-video-vigilancia/13416-disco-duro-western-digital-purpura-4tb-5.html
Sercoplus,Almacenamiento,-,DISCO,1TB,DISCO DURO SEAGATE BARRACUDA 1TB SATA 7200 RPM,20,174.8,https://www.sercoplus.com/discos-pc/5673-hd-sea-1tb-sata3-7200-rpm.html
Sercoplus,Almacenamiento,-,SSD,240GB,"SSD GIGABYTE 240GB SATA 2.5""",20,121.98,https://www.sercoplus.com/ssd-25-sata/9859-ssd-gigabyte-240gb-sata-2-5.html
Sercoplus,Almacenamiento,-,SSD,240GB,SSD CORSAIR FORCE SERIES MP510 240GB M.2 PCIe NVME,6,201.4,https://www.sercoplus.com/ssd-m-2-pcie/12029-ssd-corsair-force-series-mp510-240gb-m-2.html
Sercoplus,Almacenamiento,-,SSD,500GB,"SSD KINGSTON FURY RENEGADE, 500GB M.2 PCIe 4.0 NVME",18,509.2,https://www.sercoplus.com/ssd-m-2-pcie/13417-ssd-kingston-fury-renegade-500gb-m-2-pc.html
Sercoplus,Almacenamiento,-,DISCO,1TB,DISCO DURO WESTERN DIGITAL PURPURA SURVEILLANCE 1TB,20,189.24,https://www.sercoplus.com/discos-video-vigilancia/6155-hd-wd-1tb-64mb-sata-6gb-s-purp.html
Sercoplus,Almacenamiento,-,DISCO,2TB,DISCO DURO SEAGATE BARRACUDA 2TB SATA 5400 RPM,20,209.76,https://www.sercoplus.com/discos-pc/9960-disco-duro-seagate-barracuda-2tb-sata.html
Sercoplus,Almacenamiento,-,DISCO,1TB,"DISCO EXTERNO IMATION E30, 1TB",10,197.6,https://www.sercoplus.com/discos-externos/12287-disco-externo-imation-e30-1tb.html
Sercoplus,Almacenamiento,-,DISCO,2TB,DISCO SEAGATE VIDEOVIGILANCIA 2TB 5400 RPM,10,212.8,https://www.sercoplus.com/discos-video-vigilancia/6164-seagate-2tb-skyhawk-surveillance.html
Sercoplus,Almacenamiento,-,DISCO,4TB,DISCO EXTERNO TOSHIBA CANVIO BASIC 4TB,6,410.4,https://www.sercoplus.com/discos-externos/10014-disco-duro-externo-toshiba-canvio-basics-4tb-usb-3-0-negro-hdtb440xk3ca.html
Sercoplus,Almacenamiento,-,DISCO,2TB,DISCO SEAGATE VIDEOVIGILANCIA 2TB 5400 RPM,10,212.8,https://www.sercoplus.com/discos-video-vigilancia/6164-seagate-2tb-skyhawk-surveillance.html
Sercoplus,Almacenamiento,-,DISCO,4TB,DISCO EXTERNO TOSHIBA CANVIO BASIC 4TB,6,410.4,https://www.sercoplus.com/discos-externos/10014-disco-duro-externo-toshiba-canvio-basics-4tb-usb-3-0-negro-hdtb440xk3ca.html
Sercoplus,Almacenamiento,-,DISCO,3TB,DISCO WESTER DIGITAL PURPURA SURVEILLANCE 3TB,16,359.48,https://www.sercoplus.com/discos-video-vigilancia/6387-3-tb-purpura-wester-digital.html
Sercoplus,Almacenamiento,-,SSD,240GB,"SSD CRUCIAL BX500 240GB SATA 2.5""",20,125.02,https://www.sercoplus.com/ssd-25-sata/10016-unidad-de-estado-solido-crucial-bx500-120gb-sata-6gb-s-2-5-7mm-ve-500-mb-s-vl540-mb-s-ct240bx500ssd1.html
Sercoplus,Almacenamiento,-,SSD,512GB,"SSD TEAMGROUP MP33 PRO, 512GB, M.2 PCIe NVME",20,224.2,https://www.sercoplus.com/ssd-m-2-pcie/13487-ssd-teamgroup-mp33-pro-512gb-m-2.html
Sercoplus,Almacenamiento,-,SSD,480GB,"SSD CRUCIAL BX500 480GB SATA 2.5""",20,205.2,https://www.sercoplus.com/ssd-25-sata/10047-ssd-crucial-bx500-240gb-sata.html
Sercoplus,Almacenamiento,-,SSD,240GB,"SSD WESTERN DIGITAL GREEN SN350, 240GB M.2 PCIe NVME",20,136.8,https://www.sercoplus.com/ssd-m-2-pcie/12384-ssd-western-digital-green-sn350-240gb.html
Sercoplus,Almacenamiento,-,DISCO,4TB,DISCO DURO WESTERN DIGITAL PURPURA SURVEILLANCE 4TB,20,363.28,https://www.sercoplus.com/discos-video-vigilancia/13416-disco-duro-western-digital-purpura-4tb-5.html
Sercoplus,Almacenamiento,-,DISCO,1TB,DISCO DURO SEAGATE BARRACUDA 1TB SATA 7200 RPM,20,174.8,https://www.sercoplus.com/discos-pc/5673-hd-sea-1tb-sata3-7200-rpm.html
Sercoplus,Almacenamiento,-,SSD,240GB,"SSD GIGABYTE 240GB SATA 2.5""",20,121.98,https://www.sercoplus.com/ssd-25-sata/9859-ssd-gigabyte-240gb-sata-2-5.html
Sercoplus,Almacenamiento,-,SSD,240GB,SSD CORSAIR FORCE SERIES MP510 240GB M.2 PCIe NVME,6,201.4,https://www.sercoplus.com/ssd-m-2-pcie/12029-ssd-corsair-force-series-mp510-240gb-m-2.html
Sercoplus,Almacenamiento,-,SSD,500GB,"SSD KINGSTON FURY RENEGADE, 500GB M.2 PCIe 4.0 NVME",18,509.2,https://www.sercoplus.com/ssd-m-2-pcie/13417-ssd-kingston-fury-renegade-500gb-m-2-pc.html
Sercoplus,Almacenamiento,-,DISCO,500GB,DISCO DURO SEAGTE 500GB SEAGATE PULL,20,60.8,https://www.sercoplus.com/discos-pc-usados/4200-disco-duro-seagte-500gb-seagate-pull.html
Sercoplus,GPU,-,-,6GB,VGA GIGABYTE NVIDIA GTX 1660 SUPER OC 6GB GDDR6,20,2090.0,https://www.sercoplus.com/video-nvidia-geforce-gtx/10517-vga-gigabyte-nvidia-gtx-1660-super-oc-6g.html
Sercoplus,GPU,-,-,4GB,VGA GIGABYTE NVIDIA GTX 1650 D6 OC 4GB GDDR6,8,1170.4,https://www.sercoplus.com/video-nvidia-geforce-gtx/10955-vga-gigabyte-nvidia-gtx-1650-d6-oc-4gb-d.html
Sercoplus,GPU,-,-,6GB,VGA GIGABYTE GEFORCE NVIDIA RTX 2060 D6 6GB GDDR6,20,2166.0,https://www.sercoplus.com/video-nvidia-geforce-rtx/13608-vga-gigabyte-geforce-nvidia-rtx-2060-d6.html
Sercoplus,GPU,-,-,8GB,"VGA MSI GEFORCE NVIDIA RTX 3060 TI GAMING X, 8GB GDDR6",20,2758.04,https://www.sercoplus.com/video-nvidia-geforce-rtx/13221-vga-msi-geforce-nvidia-rtx-3060-ti-gamin.html
Sercoplus,GPU,-,-,8GB,VGA PNY GEFORCE NVIDIA RTX 3050 8GB UPRISING DUAL FAN GDDR6,20,1877.2,https://www.sercoplus.com/video-nvidia-geforce-rtx/13719-vga-pny-geforce-nvidia-rtx-3050-8gb-upri.html
Sercoplus,GPU,-,-,12GB,VGA EVGA GEFORCE NVIDIA RTX 3060 XC GAMING 12GB GDDR6,20,2030.72,https://www.sercoplus.com/video-nvidia-geforce-rtx/12222-vga-evga-geforce-nvidia-rtx-3080-xc-gami.html
Sercoplus,GPU,-,-,4GB,VGA ASUS NVIDIA PHOENIX GTX 1050TI 4GB GDDR5,6,896.8,https://www.sercoplus.com/video-nvidia-geforce-gtx/8201-vga-asus-nvidia-phoenix-gtx-1050ti-4gb.html
Sercoplus,GPU,-,-,4GB,VGA AFOX RADEON RX 550 4GB GDDR5,20,680.2,https://www.sercoplus.com/video-amd-radeon/13047-vga-afox-radeon-rx-550-4gb-gddr5.html
Sercoplus,GPU,-,-,6GB,VGA GIGABYTE NVIDIA GEFORCE GTX 1660 TI OC 6GB GDDR6,7,1964.6,https://www.sercoplus.com/video-nvidia-geforce-gtx/9838-vga-gigabyte-nvidia-gtx-1660-ti-oc-6gb-d.html
Sercoplus,GPU,-,-,6GB,"VGA GIGABYTE NVIDIA GEFORCE GTX 1660 OC, 6GB GDDR5.",20,1839.2,https://www.sercoplus.com/video-nvidia-geforce-gtx/9953-vga-gigabyte-nvidia-gtx-1660-oc-6gb.html
Sercoplus,GPU,-,-,8GB,VGA MSI GEFORCE NVIDIA RTX 3060 TI VENTUS 3X OC 8GB GDDR6 LHR,14,2705.22,https://www.sercoplus.com/video-nvidia-geforce-rtx/13089-vga-msi-geforce-nvidia-rtx-3060-ti-ventu.html
Sercoplus,GPU,-,-,4GB,"VGA AFOX RADEON R9 370 4GB GDDR5, 256 BIT",16,691.6,https://www.sercoplus.com/video-amd-radeon/13603-vga-afox-radeon-r9-370-4gb-gddr5-256-bi.html
Sercoplus,GPU,-,-,6GB,VGA GIGABYTE NVIDIA GTX 1660 SUPER OC 6GB GDDR6,20,2090.0,https://www.sercoplus.com/video-nvidia-geforce-gtx/10517-vga-gigabyte-nvidia-gtx-1660-super-oc-6g.html
Sercoplus,GPU,-,-,6GB,VGA GIGABYTE NVIDIA GEFORCE GTX 1660 TI OC 6GB GDDR6,7,1964.6,https://www.sercoplus.com/video-nvidia-geforce-gtx/9838-vga-gigabyte-nvidia-gtx-1660-ti-oc-6gb-d.html
Sercoplus,GPU,-,-,6GB,"VGA GIGABYTE NVIDIA GEFORCE GTX 1660 OC, 6GB GDDR5.",20,1839.2,https://www.sercoplus.com/video-nvidia-geforce-gtx/9953-vga-gigabyte-nvidia-gtx-1660-oc-6gb.html
Sercoplus,GPU,-,-,8GB,VGA MSI GEFORCE NVIDIA RTX 3060 TI VENTUS 3X OC 8GB GDDR6 LHR,14,2705.22,https://www.sercoplus.com/video-nvidia-geforce-rtx/13089-vga-msi-geforce-nvidia-rtx-3060-ti-ventu.html
Sercoplus,GPU,-,-,4GB,"VGA AFOX RADEON R9 370 4GB GDDR5, 256 BIT",16,691.6,https://www.sercoplus.com/video-amd-radeon/13603-vga-afox-radeon-r9-370-4gb-gddr5-256-bi.html
Sercoplus,GPU,-,-,6GB,VGA GIGABYTE NVIDIA GTX 1660 SUPER OC 6GB GDDR6,20,2090.0,https://www.sercoplus.com/video-nvidia-geforce-gtx/10517-vga-gigabyte-nvidia-gtx-1660-super-oc-6g.html
Sercoplus,GPU,-,-,4GB,VGA GIGABYTE NVIDIA GTX 1650 D6 OC 4GB GDDR6,8,1170.4,https://www.sercoplus.com/video-nvidia-geforce-gtx/10955-vga-gigabyte-nvidia-gtx-1650-d6-oc-4gb-d.html
Sercoplus,GPU,-,-,6GB,VGA GIGABYTE GEFORCE NVIDIA RTX 2060 D6 6GB GDDR6,20,2166.0,https://www.sercoplus.com/video-nvidia-geforce-rtx/13608-vga-gigabyte-geforce-nvidia-rtx-2060-d6.html
Sercoplus,GPU,-,-,8GB,VGA PNY GEFORCE NVIDIA RTX 3060 Ti 8GB XLR8 REVEL EPIC-X RGB,10,2761.08,https://www.sercoplus.com/video-nvidia-geforce-rtx/13751-vga-pny-geforce-nvidia-rtx-3060-ti-revel.html
Sercoplus,GPU,-,-,12GB,VGA MSI GEFORCE NVIDIA RTX 3060 GAMING X 12GB GDDR6,20,2152.62,https://www.sercoplus.com/video-nvidia-geforce-rtx/12322-vga-msi-geforce-nvidia-rtx-3060-gaming-t.html
Sercoplus,GPU,-,-,8GB,VGA ASUS DUAL RADEON RX 6600 8GB GDDR6,5,2052.0,https://www.sercoplus.com/video-amd-radeon/13312-vga-asus-dual-radeon-rx-6600-8gb-gddr6.html
Sercoplus,GPU,-,-,8GB,VGA GIGABYTE RADEON RX 6600 EAGLE 8GB GB GDDR6,20,2052.0,https://www.sercoplus.com/video-amd-radeon/13314-vga-gigabyte-radeon-rx-6600-eagle-8gb-gd.html
Sercoplus,GPU,-,-,12GB,VGA MSI GEFORCE NVIDIA RTX 2060 VENTUS OC 12GB GDDR6,7,2036.8,https://www.sercoplus.com/tarjeta-de-video/13506-vga-msi-geforce-nvidia-rtx-2060-ventus-o.html
Sercoplus,GPU,-,-,8GB,VGA GIGABYTE NVIDIA GEFORCE RTX 3070 GAMING OC 8GB GDDR6,20,3648.0,https://www.sercoplus.com/tarjeta-de-video/11751-vga-gigabyte-geforce-nvidia-rtx-3070-gam.html
Sercoplus,GPU,-,-,,"MAINBOARD ASUS ROG STRIX B550-F GAMING WIFI II, AM4 AMD",11,1018.4,https://www.sercoplus.com/tarjeta-de-video/13646-mainboard-asus-rog-strix-b550-f-gaming-w.html
Sercoplus,PSU,-,-,,FUENTE DE PODER COUGAR XTC600 80 PLUS WHITE,10,201.02,https://www.sercoplus.com/fuentes-cougar/11531-fuente-de-poder-cougar-xtc600-80-plus-wh.html
Sercoplus,PSU,-,-,450W,"FUENTE DE PODER COUGAR XTC450 ARGB, 80 PLUS WHITE 450W",9,144.4,https://www.sercoplus.com/fuentes-cougar/13388-fuente-de-poder-cougar-xtc450-argb-80-p.html
Sercoplus,PSU,-,-,750W,"FUENTE DE PODER DEEPCOOL DP-GD-DQ750-M-V2L, 80 PLUS GOLD 750W",12,532.0,https://www.sercoplus.com/fuentes-deepcool/12270-fuente-de-poder-deepcool-dp-gd-dq750-m-v.html
Sercoplus,PSU,-,-,750W,"FUENTE DE PODER COOLER MASTER MWE 750 V2, 80 PLUS GOLD, MODULAR, 750W.",7,478.8,https://www.sercoplus.com/fuentes-cooler-master/13465-fuente-de-poder-cooler-master-mwe-750-v2.html
Sercoplus,PSU,-,-,650W,FUENTE DE PODER SEASONIC S12III 650W 80 PLUS BRONZE,7,311.6,https://www.sercoplus.com/fuentes-seasonic/11809-fuente-de-poder-seasonic-s12iii-650w-80.html
Sercoplus,PSU,-,-,650W,"FUENTE DE PODER EVGA 650 N1, 650W",20,205.2,https://www.sercoplus.com/fuentes-evga/12362-fuente-de-poder-evga-650-n1-650w.html
Sercoplus,PSU,-,-,450W,"FUENTE DE PODER COUGAR XTC450 ARGB, 80 PLUS WHITE 450W",9,144.4,https://www.sercoplus.com/fuentes-cougar/13388-fuente-de-poder-cougar-xtc450-argb-80-p.html
Sercoplus,PSU,-,-,,FUENTE DE PODER COUGAR XTC600 80 PLUS WHITE,10,201.02,https://www.sercoplus.com/fuentes-cougar/11531-fuente-de-poder-cougar-xtc600-80-plus-wh.html
Sercoplus,PSU,-,-,750W,"FUENTE DE PODER DEEPCOOL DP-GD-DQ750-M-V2L, 80 PLUS GOLD 750W",12,532.0,https://www.sercoplus.com/fuentes-deepcool/12270-fuente-de-poder-deepcool-dp-gd-dq750-m-v.html
Sercoplus,PSU,-,-,750W,"FUENTE DE PODER COOLER MASTER MWE 750 V2, 80 PLUS GOLD, MODULAR, 750W.",7,478.8,https://www.sercoplus.com/fuentes-cooler-master/13465-fuente-de-poder-cooler-master-mwe-750-v2.html
Sercoplus,PSU,-,-,650W,"FUENTE DE PODER EVGA 650 N1, 650W",20,205.2,https://www.sercoplus.com/fuentes-evga/12362-fuente-de-poder-evga-650-n1-650w.html
Sercoplus,PSU,-,-,550W,FUENTE DE PODER ASUS ROG STRIX 550G 80 PLUS GOLD FULL MODULAR 550W,16,532.0,https://www.sercoplus.com/fuentes-asus/11895-fuente-de-poder-asus-rog-strix-550g-80-p.html
Sercoplus,PSU,-,-,550W,FUENTE DE PODER COUGAR XTC550 ARGB 80 PLUS WHITE 550W,20,209.0,https://www.sercoplus.com/fuentes-cougar/12539-fuente-de-poder-cougar-xt550-argb-80-plu.html
Sercoplus,PSU,-,-,750W,"FUENTE DE PODER EVGA SUPERNOVA 750 GT, 80 PLUS GOLD FULL MODULAR 750W",11,608.0,https://www.sercoplus.com/fuentes-evga/13662-fuente-de-poder-evga-supernova-750-gt-8.html
Sercoplus,PSU,-,-,500W,FUENTE ANTRYX B500W V2 2.3 BOX,20,129.2,https://www.sercoplus.com/fuentes-antryx/7778-fuente-antryx-b500w-v2.html
Sercoplus,PSU,-,-,650W,FUENTE DE PODER COUGAR XTC650 ARGB 80 PLUS WHITE 650W,20,243.2,https://www.sercoplus.com/fuentes-cougar/12540-fuente-de-poder-cougar-xtc650-argb-80-pl.html
Sercoplus,PSU,-,-,650W,FUENTE DE PODER COUGAR GEX650 80 PLUS GOLD MODULAR 650W,20,349.6,https://www.sercoplus.com/fuentes-cougar/12156-fuente-de-poder-cougar-gex650-80-plus-go.html
Sercoplus,PSU,-,-,500W,FUENTE DE PODER COUGAR VTC500 80 PLUS WHITE 500W,18,152.0,https://www.sercoplus.com/fuentes-cougar/13798-fuente-de-poder-cougar-vtc500-80-plus-wh.html
Sercoplus,PSU,-,-,500W,FUENTE DE PODER COUGAR VTE500 80 PLUS BRONZE 500W,20,171.0,https://www.sercoplus.com/fuentes-cougar/8033-fuente-cougar-vte500-80-plus-500w.html
Sercoplus,PSU,-,-,650W,FUENTE DE PODER SEASONIC S12III 650W 80 PLUS BRONZE,7,311.6,https://www.sercoplus.com/fuentes-seasonic/11809-fuente-de-poder-seasonic-s12iii-650w-80.html
Sercoplus,PSU,-,-,650W,"FUENTE DE PODER EVGA 650 N1, 650W",20,205.2,https://www.sercoplus.com/fuentes-evga/12362-fuente-de-poder-evga-650-n1-650w.html
Sercoplus,PSU,-,-,600W,FUENTE DE PODER ATX 600W HALION EN CAJA,20,45.6,https://www.sercoplus.com/fuentes-halion/3073-fuente-de-poder-atx-600w-halion-en-caja-retail.html
Sercoplus,PSU,-,-,450W,"FUENTE DE PODER EVGA 450 BV, 80 PLUS BRONZE 450W",20,197.6,https://www.sercoplus.com/fuentes-evga/11851-fuente-de-poder-evga-450-bt-80-plus-bro.html
Sercoplus,PSU,-,-,700W,"FUENTE DE PODER ANTEC NE700G ZEN GB, 80 PLUS GOLD 700W",20,372.4,https://www.sercoplus.com/fuentes-antec/12446-fuente-de-poder-antec-ne700g-zen-gb-80.html
Sercoplus,PSU,-,-,500W,"FUENTE DE PODER 1SPLAYER, BLACK SIR 500W, 80 PLUS WHITE, 500W",17,129.2,https://www.sercoplus.com/fuentes-1stplayer/13652-fuente-de-poder-1splayer-black-sir-500w.html
Sercoplus,PSU,-,-,500W,"FUENTE DE PODER EVGA 500 W1, 80 PLUS WHITE 500W",20,197.6,https://www.sercoplus.com/fuentes-evga/5652-fuente-evga-500w-80-whit.html
Sercoplus,PSU,-,-,550W,FUENTE DE PODER ASUS ROG STRIX 550G 80 PLUS GOLD FULL MODULAR 550W,16,532.0,https://www.sercoplus.com/fuentes-asus/11895-fuente-de-poder-asus-rog-strix-550g-80-p.html
Sercoplus,PSU,-,-,750W,FUENTE DE PODER GIGABYTE GP-P750GM 80 PLUS GOLD 750W,20,372.4,https://www.sercoplus.com/fuentes-gigabyte/11380-fuente-de-poder-gigabyte-gp-p750gm-80-pl.html
Sercoplus,PSU,-,-,650W,"FUENTE DE PODER COOLER MASTER MWE 650 V2, 80 PLUS GOLD 650W.",17,370.88,https://www.sercoplus.com/fuentes-cooler-master/12227-fuente-de-poder-cooler-master-mwe-650-v2.html
Sercoplus,PSU,-,-,700W,FUENTE DE PODER COUGAR BXM700 80 PLUS BRONZE MODULAR 700W,20,323.0,https://www.sercoplus.com/fuentes-cougar/13340-fuente-de-poder-cougar-bxm700-80-plus-br.html
Sercoplus,PSU,-,-,850W,FUENTE DE PODER COUGAR BXM850 80 PLUS BRONZE MODULAR 850W,20,384.94,https://www.sercoplus.com/fuentes-cougar/11494-fuente-de-poder-cougar-bxm850-80-plus-br.html
Sercoplus,PSU,-,-,750W,"FUENTE DE PODER COOLER MASTER MWE 750 V2, 80 PLUS GOLD 750W",7,440.8,https://www.sercoplus.com/fuentes-cooler-master/12228-fuente-de-poder-cooler-master-mwe-750-v2.html
Sercoplus,Case,-,All,-,"CASE ANTRYX FX CHROME STORM DESTROYER MESH, ARGB, V/TEMPLADO",20,334.4,https://www.sercoplus.com/antryx/12455-case-antryx-fx-chrome-storm-destroyer-me.html
Sercoplus,Case,-,All,-,"COOLER DE CASE GAMEMAX, RB300 ARGB, PACK",20,83.6,https://www.sercoplus.com/accesorios-de-cases/13229-cooler-de-case-gamemax-rb300-argb-pack.html
Sercoplus,Case,-,All,-,"CASE GAMING AVATEC CCA-4505B, F/550W, V/TEMPLADO, RGB",20,246.24,https://www.sercoplus.com/cases/13765-case-gaming-avatec-cca-4505bk-f-550w-v.html
Sercoplus,Case,-,All,-,"CASE COOLER MASTER MASTERBOX TD500L, F/ELITE V3 500W.",6,440.8,https://www.sercoplus.com/cooler-master/12078-case-cooler-master-masterbox-td500l-f-e.html
Sercoplus,Case,-,All,-,"COOLER DE CASE DEEPCOOL, MF120 GT, 120mm x 3 ARGB",19,201.4,https://www.sercoplus.com/accesorios-de-cases/13391-cooler-de-case-deepcool-mf120-gt-120mm.html
Sercoplus,Case,-,All,-,"CASE GAMING CORSAIR CARBIDE SPEC 04, NEGRO/ROJO",20,205.2,https://www.sercoplus.com/corsair/6321-case-corsair-spec04-black-red.html
Sercoplus,Case,-,All,-,"CASE ANTRYX RX 430 WHITE, ARGB, V. TEMPLADO",14,230.28,https://www.sercoplus.com/antryx/11323-case-antryx-rx-430-white-argb-v-templ.html
Sercoplus,Case,-,All,-,"CASE GAMER HALION ARROW, F/500W, 3 COOLER RGB, V/TEMPLADO",9,288.8,https://www.sercoplus.com/halion/12879-case-gamer-halion-arrow-f-500w-rgb-v.html
Sercoplus,Case,-,All,-,"CASE ANTRYX XTREME NC-257, F/B500W, ARGB, V/TEMPLADO",14,288.8,https://www.sercoplus.com/antryx/12923-case-antryx-xtreme-nc-257-f-b500w-argb.html
Sercoplus,Case,-,All,-,"CASE THERMALTAKE DIVIDER 300 TG, WHITE, V/TEMPLADO, ARGB",5,514.14,https://www.sercoplus.com/thermaltake/13731-case-thermaltake-divider-300-tg-white.html
Sercoplus,Case,-,All,-,"CASE HALION SCORPIO 5506 F/350W, 2 FAN LED ROJO",20,159.6,https://www.sercoplus.com/halion/7839-case-halion-scorpio-5506-black-350w.html
Sercoplus,Case,-,All,-,CASE GAMING GAMEMAX KINGLIGHT ROJO C/FUE,20,250.8,https://www.sercoplus.com/gamemax/11489-case-gaming-gamemax-kinglight-rojo-c-fue.html
Sercoplus,Case,-,All,-,"CASE ANTRYX FX CRUISER WHITE, FAV ARGB X 3, V/TEMPLADO, MESH",12,402.8,https://www.sercoplus.com/antryx/12927-case-antryx-fx-cruiser-white-fav-argb-x.html
Sercoplus,Case,-,All,-,CASE GAMER HALION SCORPION 5906 VERDE F/400W,20,159.6,https://www.sercoplus.com/halion/6038-case-gamer-halion-scorpion-5906-verde.html
Sercoplus,Case,-,All,-,COOLER DE CASE GAMEMAX GALEFORCE GMX G12G,20,22.8,https://www.sercoplus.com/accesorios-de-cases/11420-cooler-case-gamemax-galeforce-gmx-g12g.html
Sercoplus,Case,-,All,-,COOLER DE CASE SILVERSTONE AIR BLAZER 12OR ARGB,20,60.8,https://www.sercoplus.com/accesorios-de-cases/13372-cooler-de-case-silverstone-air-blazer-12.html
Sercoplus,Case,-,All,-,CASE GAMING GAMEMAX KINGLIGHT ROJO C/FUE,20,250.8,https://www.sercoplus.com/gamemax/11489-case-gaming-gamemax-kinglight-rojo-c-fue.html
Sercoplus,Case,-,All,-,"CASE ANTRYX FX CRUISER WHITE, FAV ARGB X 3, V/TEMPLADO, MESH",12,402.8,https://www.sercoplus.com/antryx/12927-case-antryx-fx-cruiser-white-fav-argb-x.html
Sercoplus,Case,-,All,-,"CASE THERMALTAKE DIVIDER 300 TG, BLACK, V/TEMPLADO, ARGB",5,496.28,https://www.sercoplus.com/thermaltake/13732-case-thermaltake-divider-300-tg-black.html
Sercoplus,Case,-,All,-,CASE GAMER HALION PHANTOM 8803 BLACK F/500W,8,197.6,https://www.sercoplus.com/halion/7923-case-gamer-halion-phantom-8803-500w.html
Sercoplus,Case,-,All,-,CONTROLADOR LED-ARGB ANTRYX SPECTRUM C/REMOTO,7,53.2,https://www.sercoplus.com/accesorios-de-cases/12428-controlador-led-argb-antryx-spectrum.html
Sercoplus,Case,-,All,-,"COOLER DE CASE GAMEMAX, Q300 RGB, PACK 3",15,121.6,https://www.sercoplus.com/accesorios-de-cases/13228-cooler-de-case-gamemax-q300-rgb-pack-3.html
Sercoplus,Case,-,All,-,"CASE ANTEC NX410, ARGB, WHITE. V/TEMPLADO",20,267.14,https://www.sercoplus.com/antec/13500-case-antec-nx410-argb-white-v-templad.html
Sercoplus,Case,-,All,-,"CASE ANTRYX ELEGANT 680, F/350W, RGB",7,182.4,https://www.sercoplus.com/antryx/13738-case-antryx-elegant-680-f-350w-rgb.html
Sercoplus,Case,-,All,-,"CASE ANTEC NX410, ARGB, BLACK, V/TEMPLADO",18,235.6,https://www.sercoplus.com/antec/13499-ccase-antec-nx410-argb-black-v-templa.html
Sercoplus,Case,-,All,-,"CASE ANTRYX ELEGANT 650, F/350W",15,183.16,https://www.sercoplus.com/antryx/13737-case-antryx-elegant-650-f-350w.html
Sercoplus,Case,-,All,-,COOLER CASE GAMEMAX 120MM LED RED,15,26.6,https://www.sercoplus.com/accesorios-de-cases/8117-cooler-case-gamemax-120mm-led-red.html
Sercoplus,Case,-,All,-,"CASE HALION SCORPIO 5490, F/350W 3 FAN LED ROJO",14,167.2,https://www.sercoplus.com/halion/10903-case-halion-scorpio-5490-f-350w-3-fan-l.html
Sercoplus,Case,-,All,-,CONTROLADOR LED-ARGB ANTRYX SPECTRUM C/REMOTO,7,53.2,https://www.sercoplus.com/accesorios-de-cases/12428-controlador-led-argb-antryx-spectrum.html
Sercoplus,Case,-,All,-,"COOLER DE CASE GAMEMAX, Q300 RGB, PACK 3",15,121.6,https://www.sercoplus.com/accesorios-de-cases/13228-cooler-de-case-gamemax-q300-rgb-pack-3.html
Sercoplus,Case,-,All,-,"CASE ANTEC NX410, ARGB, WHITE. V/TEMPLADO",20,267.14,https://www.sercoplus.com/antec/13500-case-antec-nx410-argb-white-v-templad.html
Sercoplus,Case,-,All,-,"CASE ANTRYX ELEGANT 680, F/350W, RGB",7,182.4,https://www.sercoplus.com/antryx/13738-case-antryx-elegant-680-f-350w-rgb.html
Sercoplus,Case,-,All,-,COOLER DE CASE SILVERSTONE AIR BLAZER 12OR ARGB,20,60.8,https://www.sercoplus.com/accesorios-de-cases/13372-cooler-de-case-silverstone-air-blazer-12.html
Sercoplus,Case,-,All,-,CASE HALION STORM 7223 AZUL F/350W,11,152.0,https://www.sercoplus.com/halion/6143-halion-storm-7223-azul-350w.html
Sercoplus,Case,-,All,-,CASE COOLER MASTER MASTERCASE H500 ARGB,14,570.0,https://www.sercoplus.com/cooler-master/11316-case-cooler-master-maxterbox-h500-argb.html
Sercoplus,Case,-,All,-,COOLER DE CASE GAMEMAX GALEFORCE GMX-GF12R,20,22.8,https://www.sercoplus.com/accesorios-de-cases/11421-cooler-case-gamemax-galeforce-gmx-g12r.html
Sercoplus,Case,-,All,-,"CASE DEEPCOOL MATREXX 55 V3 4F/ADD-RGB, V/TEMPLADO",13,402.8,https://www.sercoplus.com/deepcool/13385-case-deepcool-matrexx-55-v3-4f.html
Sercoplus,Case,-,All,-,"CASE GAMER HALION KRAKEN, 4 COOLER RGB, V/TEMPLADO",20,254.6,https://www.sercoplus.com/halion/13681-case-gamer-halion-kraken-4-cooler-rgb.html
Sercoplus,Case,-,All,-,"CASE MSI MAG FORGE 100R, V/TEMPLADO",20,250.8,https://www.sercoplus.com/msi/11089-case-msi-mag-forge-100r-argb.html
Sercoplus,Case,-,All,-,COOLER DE CASE GAMEMAX GALEFORCE GMX-GF12B,20,22.8,https://www.sercoplus.com/accesorios-de-cases/11419-cooler-case-gamemax-galeforce-gmx-g12b.html
Sercoplus,Case,-,All,-,CASE GAMER HALION SCORPION 5906 VERDE F/400W,20,159.6,https://www.sercoplus.com/halion/6038-case-gamer-halion-scorpion-5906-verde.html
Sercoplus,Case,-,All,-,CASE GAMING GAMEMAX ASGARD LED ROJO F/GE550,20,243.2,https://www.sercoplus.com/gamemax/11798-case-gaming-gamemax-asgard-led-rojo-fuen.html
Sercoplus,Case,-,All,-,"CASE GIGABYTE C200G, RGB, V/TEMPLADO",20,304.0,https://www.sercoplus.com/gigabyte/12667-case-gigabyte-c200g-rgb-v-templado.html
Sercoplus,Case,-,All,-,"CASE ANTRYX NC-253, F/B500W, C/CINTA LED, V/TEMPLADO",14,273.6,https://www.sercoplus.com/antryx/13637-case-antryx-nc-253-f-b500w-c-cinta-led.html
Sercoplus,Case,-,All,-,"CASE MSI MAG FORGE 100R, V/TEMPLADO",20,250.8,https://www.sercoplus.com/msi/11089-case-msi-mag-forge-100r-argb.html
Sercoplus,Case,-,All,-,COOLER DE CASE GAMEMAX GALEFORCE GMX-GF12B,20,22.8,https://www.sercoplus.com/accesorios-de-cases/11419-cooler-case-gamemax-galeforce-gmx-g12b.html
Sercoplus,Case,-,All,-,"CASE GAMER HALION ARROW, F/500W, 3 COOLER RGB, V/TEMPLADO",9,288.8,https://www.sercoplus.com/halion/12879-case-gamer-halion-arrow-f-500w-rgb-v.html
Sercoplus,Case,-,All,-,"CASE MSI MPG SEKIRA 500G, V/TEMPLADO",7,617.5,https://www.sercoplus.com/cases/13704-case-msi-mpg-sekira-500g-v-templado.html
Sercoplus,Case,-,All,-,"CASE ANTRYX RX 470, ARGB, V. TEMPLADO",10,223.82,https://www.sercoplus.com/antryx/11324-case-antryx-rx-470-argb-v-templado.html
Sercoplus,Case,-,All,-,COOLER DE CASE GAMEMAX FN-12 RAINBOW-C,20,30.4,https://www.sercoplus.com/accesorios-de-cases/11425-cooler-case-gamemax-fn-12-rainbow-c.html
Sercoplus,Case,-,All,-,"CASE ANTRYX XTREME MICRO XM-330 C/FUENTE B500W, V/TEMPLADO",19,245.48,https://www.sercoplus.com/antryx/12264-case-antryx-xtreme-micro-xm-330-c-fuente.html
Sercoplus,Case,-,All,-,"CASE GAMER HALION RAINBOW, F/500W, 1 COO",20,273.6,https://www.sercoplus.com/halion/12880-case-gamer-halion-rainbow-f-500w-1-coo.html
Sercoplus,Case,-,All,-,CASE HALION STORM 7223 ROJO F/350W,8,152.0,https://www.sercoplus.com/halion/7770-halion-storm-7223-rojo-350w.html
Sercoplus,Case,-,All,-,"CASE ANTRYX XTREME NEO II F/B500W, V/TEMPLADO",20,289.56,https://www.sercoplus.com/antryx/10665-case-antryx-xtreme-neo-ii-c-b500w.html
Sercoplus,Case,-,All,-,"CASE HALION BULL 5516, F/350W, RGB, V/TEMPLADO",20,159.6,https://www.sercoplus.com/halion/13424-case-halion-bull-5516-f-350w-rgb-v-te.html
Sercoplus,Case,-,All,-,"CASE GAMING 1STPLAYER FIREBASE X7, COOLER RGB, V/TEMPLADO",20,233.7,https://www.sercoplus.com/1stplayer/13730-case-gaming-1stplayer-firebase-x7-coole.html
Sercoplus,Case,-,All,-,CASE GAMER HALION LIGHTING F/500W V/TEMPLADO,20,197.6,https://www.sercoplus.com/halion/10724-case-gamer-halion-lightning-rgb-v-temp-lateral.html
Sercoplus,Case,-,All,-,"CASE ANTRYX ELEGANT 680, F/350W, RGB",7,182.4,https://www.sercoplus.com/antryx/13738-case-antryx-elegant-680-f-350w-rgb.html
Sercoplus,Case,-,All,-,COOLER CASE GAMEMAX 120MM LED RED,15,26.6,https://www.sercoplus.com/accesorios-de-cases/8117-cooler-case-gamemax-120mm-led-red.html
Sercoplus,Case,-,All,-,"CASE HALION SCORPIO 5490, F/350W 3 FAN LED ROJO",14,167.2,https://www.sercoplus.com/halion/10903-case-halion-scorpio-5490-f-350w-3-fan-l.html
Sercoplus,Case,-,All,-,"CASE GAMING AVATEC CCA-4703BK, F/550W, V/TEMPLADO, RGB",20,254.6,https://www.sercoplus.com/cases/13669-case-gaming-avatec-cca-4703bk-f-550w-r.html
Sercoplus,PC,-,-,-,"ALL-IN-ONE LENOVO IDEACENTRE 330, CELERON J4025, 8GB, 1TB, 19.5"" HD,",18,1702.4,https://www.sercoplus.com/all-in-one/12470-all-in-one-lenovo-ideacentre-330-celero.html
Sercoplus,PC,-,-,-,"ALL- IN-ONE LENOVO IDEACENTRE AIO 3 24IMB05, CI3-10100T, 4GB, 1TB, 23.8"" IPS FHD.",6,2378.8,https://www.sercoplus.com/all-in-one/12524-all-in-one-lenovo-ideacentre-aio-3-24im.html
Sercoplus,PC,-,-,-,"Pc Plus Intel: CORE i3-9100, 8GB RAM, SSD 240GB, CASE F/350W",11,1083.0,https://www.sercoplus.com/pc-plus-intel/13542-pc-plus-intel-i3-9100-8gb-ram-ssd-240.html
Sercoplus,PC,-,-,-,"Pc Plus Intel: CORE i3-9100, 8GB RAM, SSD 240GB, CASE F/350W",11,1083.0,https://www.sercoplus.com/pc-plus-intel/13542-pc-plus-intel-i3-9100-8gb-ram-ssd-240.html
Sercoplus,PC,-,-,-,"Pc Gaming Plus Amd: RYZEN 3 PRO 4350G, 16GB, SSD 500GB, CASE ARGB F/500W",20,1535.2,https://www.sercoplus.com/pc-gaming-plus-amd/13770-pc-gaming-plus-amd-ryzen-3-pro-4350g-8.html
Sercoplus,PC,-,-,-,"Pc Gaming Plus Amd: RYZEN 5 5600g, 16GB, SSD 500GB, CASE ARGB F/500W",14,1991.2,https://www.sercoplus.com/pc-gaming-plus-amd/13771-pc-gaming-plus-amd-ryzen-5-5600g-16gb.html
Sercoplus,PC,-,-,-,"Pc Gaming Plus Amd: RYZEN 7 5700g, 16GB, SSD 500GB, CASE RGB F/550W",20,2371.2,https://www.sercoplus.com/pc-gaming-plus-amd/13775-pc-gaming-plus-amd-ryzen-5-5700g-16gb.html
Sercoplus,PC,-,-,-,"Pc Gaming Plus Amd: RYZEN 3 PRO 4350G, 8GB, SSD 250GB, CASE RGB, F/500G",20,1254.0,https://www.sercoplus.com/computadoras/13768-pc-gaming-plus-amd-ryzen-3-pro-4350g-8.html
Sercoplus,Laptop,-,-,-,"LAPTOP LENOVO V14-ARE, AMD RYZEN 7-4700U, 8GB, 1TB, 14"" HD.",15,2325.6,https://www.sercoplus.com/laptops-amd-ryzen-athlon/11156-laptop-lenovo-v14-are-amd-ryzen-7-4700u.html
Sercoplus,Laptop,-,-,-,"LAPTOP LENOVO V14 IIL, INTEL CORE I3-1005G1, 4GB, 1TB, 14"" HD.",20,1763.2,https://www.sercoplus.com/laptops-intel-core-i3/12004-laptop-lenovo-v14-iil-intel-core-i3-100.html
Sercoplus,Laptop,-,-,-,"LAPTOP CHUWI GemiBook, INTEL CELERON, 12GB, SSD 256GB, 13.0"" IPS 2K, WINDOWS.",20,1550.4,https://www.sercoplus.com/laptops-intel-celeron/12393-laptop-chuwi-gamibook-intel-celeron-12.html
Sercoplus,Laptop,-,-,-,"LAPTOP CHUWI COREBOOK PRO, INTEL CORE I3-6157U, 8GB, SSD 256GB, 13.0"" IPS 2K, WINDOWS.",20,1896.2,https://www.sercoplus.com/laptops-intel-core-i3/12394-laptop-chuwi-corebook-pro-intel-core-i3.html
Sercoplus,Laptop,-,-,-,"LAPTOP ASUS E410MA-202 BLUE, CELERON N4020, 4GB, 128GB EMMC, 14"" HD, TECLADO Y WIN INGLES.",20,1474.4,https://www.sercoplus.com/laptops-intel-celeron/12396-laptop-asus-e410ma-202-blue-celeron-n40.html
Sercoplus,Laptop,-,-,-,"LAPTOP ASUS E410MA-202 PINK, CELERON N4020, 4GB, 128GB EMMC, 14"" HD TECLADO Y WIN INGLES",11,1497.2,https://www.sercoplus.com/laptops-intel-celeron/12397-laptop-asus-e410ma-202-pnik-celeron-n40.html
Sercoplus,Laptop,-,-,-,"LAPTOP CHUWI HEROBOOK PRO+, CELERON J3455, 8GB, SSD 128GB, 13.3"" IPS 3K,",20,1390.8,https://www.sercoplus.com/laptops-intel-celeron/12480-laptop-chuwi-herobook-pro-celeron-j345.html
Sercoplus,Laptop,-,-,-,"LAPTOP HP 240 G7, CELERON N4020, 4GB, 500GB, 14"" HD.",20,1618.8,https://www.sercoplus.com/laptops-intel-celeron/12492-laptop-hp-240-g7-celeron-n4020-4gb-50.html
Sercoplus,Laptop,-,-,-,"LAPTOP DYNABOOK (TOSHIBA) TECRA A40-G, Ci3-10110U, 8GB, 256GB SSD, 14"" HD.",20,2242.0,https://www.sercoplus.com/laptops-intel-core-i3/12499-laptop-dinabook-todhiba-tecra-a40-g-c.html
Sercoplus,Laptop,-,-,-,"LAPTOP HP PAVILION GAMING 5-DK1024LA, CI5-10300H, 8GB, SSD 256GB, 15.6"" HD, GTX 1050 3GB",11,3197.02,https://www.sercoplus.com/laptops-gaming-intel/12505-laptop-hp-pavilion-gaming-5-dk1024la-ci.html
Sercoplus,Laptop,-,-,-,"TABLET LENOVO TAB M10 HD, 10"" HD, 2GB + 32GB, 4G LITE, 5MP + 8MP, ANDROID 10",6,896.8,https://www.sercoplus.com/tablet/12517-tablet-lenovo-tab-m10-hd-10-hd-2gb.html
Sercoplus,Laptop,-,-,-,"LAPTOP LENOVO YOGA SLIM 7 14ITL05, CI5-1135G7, 8GB, SSD 256GB, 14"" FHD, WINDOWS.",9,2979.2,https://www.sercoplus.com/laptops-intel-core-i5/12520-laptop-lenovo-yoga-slim-7-14itl05-ci5-1.html
Sercoplus,Laptop,-,-,-,"LAPTOP HP 245 G7, RYZEN 5 3500U, 8GB, 1TB, 14"" HD, FREE DOS.",7,2188.8,https://www.sercoplus.com/laptops-amd-ryzen-athlon/12569-laptop-hp-245-g7-ryzen-5-3500u-8gb-1t.html
Sercoplus,Laptop,-,-,-,"LAPTOP CHUWI HEROBOOK PRO+, CELERON J3450, 8GB, SSD 256GB, 13.3"" IPS 3K,",5,1314.8,https://www.sercoplus.com/laptops-intel-celeron/12631-laptop-chuwi-herobook-pro-celeron-j345.html
Sercoplus,Laptop,-,-,-,"LAPTOP HP 245 G7, AMD ATHLON SILVER 3050U, 4GB, 500GB, 14"" HD, WIN 10",20,1406.0,https://www.sercoplus.com/laptops-amd-ryzen-athlon/12783-laptop-hp-245-g7-amd-athlon-silver-3050.html
Sercoplus,Laptop,-,-,-,"LAPTOP HP 245 G7 AMD RYZEN 3 3250U, 4GB, 1TB, 14"" HD, WIN.",8,1816.4,https://www.sercoplus.com/laptops-amd-ryzen-athlon/12833-laptop-hp-245-g7-amd-ryzen-3-3250u-4gb.html
Sercoplus,Laptop,-,-,-,"LAPTOP DELL INSPIRON 3501, CI3-1115G4, 4GB, 1TB, 15.6"", HD FREE.",20,1755.6,https://www.sercoplus.com/laptops-intel-core-i3/13060-laptop-dell-inspiron-3501-ci3-1115g4-4.html
Sercoplus,Laptop,-,-,-,"LAPTOP DELL INSPIRON 3501, CI3-1115G4, 4GB, 1TB, 15.6"" HD, FREE.",20,1763.2,https://www.sercoplus.com/laptops-intel-core-i3/13061-laptop-dell-inspiron-3501-ci3-1115g4-4.html
Sercoplus,Laptop,-,-,-,TABLETA GRAFICA WACOM INTUOS PEN BLUETOO M GREEN,8,684.0,https://www.sercoplus.com/tabletas-graficas/10686-tableta-grafica-wacom-intuos-pen-bluetoo.html
Sercoplus,Laptop,-,-,-,TABLETA GRAFICA WACOM INTUOS PEN & BLUETOOTH S PISTACHIO,8,391.4,https://www.sercoplus.com/tabletas-graficas/10141-tableta-grafica-wacom-intuos-pen-bluet.html
Sercoplus,Laptop,-,-,-,"LAPTOP ASUS FX516PC-HN004, CI7-11370H, SSD 512GB, 16GB, RTX 3050, 15.6"", GRAY.",8,4993.2,https://www.sercoplus.com/laptops-gaming-intel/13697-laptop-asus-fx516pc-hn004-ci7-11370h-s.html
Sercoplus,Laptop,-,-,-,"LAPTOP LENOVO V15 ADA, AMD ATHLON SILVER 3050U, 4GB DDR4, 1TB HDD, 15.6"" HD.",20,1026.0,https://www.sercoplus.com/laptops-amd-ryzen-athlon/13722-laptop-lenovo-v15-ada-amd-athlon-silver.html
Sercoplus,Laptop,-,-,-,"LAPTOP HP 240 G8, CI3-1005G1, 4GB DDR4, 1TB HDD, 14"" HD.",19,1322.4,https://www.sercoplus.com/laptops-intel-core-i3/12573-laptop-hp-240-g8-ci3-1005g1-4gb-1tb.html
Sercoplus,Laptop,-,-,-,"LAPTOP ACER TRAVELMATE B3 TMB311-31-C343, C N4020, 4GB, 64GB EMMC, 11.6"" HD.",20,1147.6,https://www.sercoplus.com/laptops-intel-celeron/12425-laptop-acer-travelmate-b3-tmb311-31-c343.html
Sercoplus,Laptop,-,-,-,"LAPTOP LENOVO V14 G2 ALC, AMD RYZEN 3 5300, 8GB, 1TB, 14"" HD.",20,1238.42,https://www.sercoplus.com/laptops-amd-ryzen-athlon/13796-laptop-lenovo-v14-g2-alc-amd-ryzen-3-53.html
